<materials>
	<!--
		1-55: 7.0 - 7.6
		56-95: 7.8 - 8.0
	-->

	<!-- retro cave wall brown -->
	<border id="1">
		<borderitem edge="n"	item="357"/>
		<borderitem edge="s"	item="356"/>
		<borderitem edge="e"	item="358"/>
		<borderitem edge="w"	item="359"/>
		<borderitem edge="cse"	item="360"/>
		<borderitem edge="csw"	item="361"/>
		<borderitem edge="cne"	item="363"/>
		<borderitem edge="cnw"	item="362"/>
		<borderitem edge="dsw"	item="365"/>
		<borderitem edge="dse"	item="364"/>
		<borderitem edge="dne"	item="367"/>
		<borderitem edge="dnw"	item="366"/>
	</border>

	<!-- retro cave wall gray -->
	<border id="2">
		<borderitem edge="s"	item="372"/>
		<borderitem edge="n"	item="371"/>
		<borderitem edge="w"	item="373"/>
		<borderitem edge="e"	item="374"/>
		<borderitem edge="dnw"	item="375"/>
		<borderitem edge="dne"	item="376"/>
		<borderitem edge="dsw"	item="378"/>
		<borderitem edge="dse"	item="377"/>
		<borderitem edge="cne"	item="380"/>
		<borderitem edge="cnw"	item="379"/>
		<borderitem edge="csw"	item="382"/>
		<borderitem edge="cse"	item="381"/>
	</border>

	<!-- wooden floor -->
	<border id="3">
		<borderitem edge="s"	item="434"/>
		<borderitem edge="n"	item="435"/>
		<borderitem edge="w"	item="437"/>
		<borderitem edge="e"	item="436"/>
		<borderitem edge="dnw"	item="440"/>
		<borderitem edge="dne"	item="441"/>
		<borderitem edge="dsw"	item="439"/>
		<borderitem edge="dse"	item="438"/>
		<borderitem edge="cne"	item="445"/>
		<borderitem edge="cnw"	item="444"/>
		<borderitem edge="cse"	item="442"/>
		<borderitem edge="csw"	item="443"/>
	</border>

	<!-- yellow floor with red ornaments -->
	<border id="4">
		<borderitem edge="s"	item="449"/>
		<borderitem edge="n"	item="450"/>
		<borderitem edge="w"	item="451"/>
		<borderitem edge="e"	item="452"/>
		<borderitem edge="dnw"	item="453"/>
		<borderitem edge="dne"	item="454"/>
		<borderitem edge="dsw"	item="455"/>
		<borderitem edge="dse"	item="456"/>
	</border>

	<!-- sandstone pavement -->
	<border id="5">
		<borderitem edge="s"	item="779"/>
		<borderitem edge="n"	item="778"/>
		<borderitem edge="w"	item="780"/>
		<borderitem edge="e"	item="781"/>
		<borderitem edge="dnw"	item="782"/>
		<borderitem edge="dne"	item="783"/>
		<borderitem edge="dsw"	item="785"/>
		<borderitem edge="dse"	item="784"/>
		<borderitem edge="cne"	item="787"/>
		<borderitem edge="cnw"	item="786"/>
		<borderitem edge="cse"	item="788"/>
		<borderitem edge="csw"	item="789"/>
	</border>

	<!-- mountain wall 1 -->
	<border id="6">
		<borderitem edge="s"	item="874"/>
		<borderitem edge="e"	item="873"/>
		<borderitem edge="dne"	item="873"/>
		<borderitem edge="dsw"	item="874"/>
		<borderitem edge="dse"	item="877"/>
	</border>

	<!-- mountain top border -->
	<border id="7">
		<borderitem edge="s"	item="893"/>
		<borderitem edge="n"	item="891"/>
		<borderitem edge="w"	item="894"/>
		<borderitem edge="e"	item="892"/>
		<borderitem edge="dnw"	item="899"/>
		<borderitem edge="dne"	item="900"/>
		<borderitem edge="dsw"	item="902"/>
		<borderitem edge="dse"	item="901"/>
		<borderitem edge="cne"	item="896"/>
		<borderitem edge="cnw"	item="895"/>
		<borderitem edge="cse"	item="897"/>
		<borderitem edge="csw"	item="898"/>
	</border>

	<!-- brown roof -->
	<border id="8">
		<borderitem edge="s"	item="921"/>
		<borderitem edge="n"	item="5052"/>
		<borderitem edge="w"	item="5049"/>
		<borderitem edge="e"	item="922"/>
		<borderitem edge="dnw"	item="5051"/>
		<borderitem edge="dne"	item="5053"/>
		<borderitem edge="dsw"	item="5047"/>
		<borderitem edge="dse"	item="5045"/>
		<borderitem edge="cne"	item="5054"/>
		<borderitem edge="cnw"	item="5050"/>
		<borderitem edge="cse"	item="923"/>
		<borderitem edge="csw"	item="5048"/>
	</border>

	<!-- tiled roof 1 -->
	<border id="9">
		<borderitem edge="s"	item="934"/>
		<borderitem edge="w"	item="928"/>
		<borderitem edge="e"	item="925"/>
		<borderitem edge="cse"	item="930"/>
		<borderitem edge="csw"	item="933"/>
	</border>

	<!-- tiled roof 2 -->
	<border id="10">
		<borderitem edge="s"	item="931"/>
		<borderitem edge="w"	item="928"/>
		<borderitem edge="e"	item="925"/>
		<borderitem edge="cse"	item="930"/>
		<borderitem edge="csw"	item="933"/>
	</border>

	<!-- tiled roof 3 -->
	<border id="11">
		<borderitem edge="s"	item="932"/>
		<borderitem edge="w"	item="928"/>
		<borderitem edge="e"	item="925"/>
		<borderitem edge="cse"	item="930"/>
		<borderitem edge="csw"	item="933"/>
	</border>

	<!-- tiled roof 4 -->
	<border id="12">
		<borderitem edge="s"	item="935"/>
		<borderitem edge="n"	item="938"/>
		<borderitem edge="e"	item="941"/>
		<borderitem edge="cne"	item="943"/>
		<borderitem edge="cse"	item="940"/>
	</border>

	<!-- tiled roof 5 -->
	<border id="13">
		<borderitem edge="s"	item="935"/>
		<borderitem edge="n"	item="938"/>
		<borderitem edge="e"	item="944"/>
		<borderitem edge="cne"	item="943"/>
		<borderitem edge="cse"	item="940"/>
	</border>

	<!-- tiled roof 6 -->
	<border id="14">
		<borderitem edge="s"	item="935"/>
		<borderitem edge="n"	item="938"/>
		<borderitem edge="e"	item="942"/>
		<borderitem edge="cne"	item="943"/>
		<borderitem edge="cse"	item="940"/>
	</border>

	<!-- wooden roof 1 -->
	<border id="15">
		<borderitem edge="s"	item="945"/>
		<borderitem edge="n"	item="949"/>
		<borderitem edge="e"	item="951"/>
		<borderitem edge="cne"	item="954"/>
		<borderitem edge="cse"	item="950"/>
	</border>

	<!-- wooden roof 2 -->
	<border id="16">
		<borderitem edge="s"	item="945"/>
		<borderitem edge="n"	item="949"/>
		<borderitem edge="e"	item="952"/>
		<borderitem edge="cne"	item="954"/>
		<borderitem edge="cse"	item="950"/>
	</border>

	<!-- wooden roof 3 -->
	<border id="17">
		<borderitem edge="s"	item="945"/>
		<borderitem edge="n"	item="949"/>
		<borderitem edge="e"	item="953"/>
		<borderitem edge="cne"	item="954"/>
		<borderitem edge="cse"	item="950"/>
	</border>

	<!-- wooden roof 4 -->
	<border id="18">
		<borderitem edge="s"	item="963"/>
		<borderitem edge="w"	item="959"/>
		<borderitem edge="e"	item="955"/>
		<borderitem edge="cse"	item="960"/>
		<borderitem edge="csw"	item="964"/>
	</border>

	<!-- wooden roof 5 -->
	<border id="19">
		<borderitem edge="s"	item="962"/>
		<borderitem edge="w"	item="959"/>
		<borderitem edge="e"	item="955"/>
		<borderitem edge="cse"	item="960"/>
		<borderitem edge="csw"	item="964"/>
	</border>

	<!-- wooden roof 6 -->
	<border id="20">
		<borderitem edge="s"	item="961"/>
		<borderitem edge="w"	item="959"/>
		<borderitem edge="e"	item="955"/>
		<borderitem edge="cse"	item="960"/>
		<borderitem edge="csw"	item="964"/>
	</border>

	<!-- sandstone mountain -->
	<border id="21">
		<borderitem edge="s"	item="1074"/>
		<borderitem edge="n"	item="1072"/>
		<borderitem edge="w"	item="1075"/>
		<borderitem edge="e"	item="1073"/>
		<borderitem edge="dnw"	item="1080"/>
		<borderitem edge="dne"	item="1081"/>
		<borderitem edge="dsw"	item="1083"/>
		<borderitem edge="dse"	item="1082"/>
		<borderitem edge="cne"	item="1077"/>
		<borderitem edge="cnw"	item="1076"/>
		<borderitem edge="cse"	item="1078"/>
		<borderitem edge="csw"	item="1079"/>
	</border>

	<!-- port hope wooden floor 1 -->
	<border id="22">
		<borderitem edge="s"	item="3144"/>
		<borderitem edge="n"	item="3145"/>
		<borderitem edge="w"	item="3147"/>
		<borderitem edge="e"	item="3146"/>
		<borderitem edge="dnw"	item="3148"/>
		<borderitem edge="dne"	item="3149"/>
		<borderitem edge="dsw"	item="3150"/>
		<borderitem edge="dse"	item="3151"/>
		<borderitem edge="cne"	item="3142"/>
		<borderitem edge="cnw"	item="3143"/>
		<borderitem edge="cse"	item="3140"/>
		<borderitem edge="csw"	item="3141"/>
	</border>

	<!-- banuta tiles 1 -->
	<border id="23">
		<borderitem edge="s"	item="3186"/>
		<borderitem edge="e"	item="3184"/>
		<borderitem edge="dse"	item="3182"/>
		<borderitem edge="cse"	item="3189"/>
	</border>

	<!-- banuta tiles 2 -->
	<border id="24">
		<borderitem edge="s"	item="3187"/>
		<borderitem edge="e"	item="3185"/>
		<borderitem edge="dse"	item="3183"/>
		<borderitem edge="cse"	item="3189"/>
	</border>

	<!-- banuta tiles 3 -->
	<border id="25">
		<borderitem edge="s"	item="3180"/>
		<borderitem edge="n"	item="3174"/>
		<borderitem edge="w"	item="3176"/>
		<borderitem edge="e"	item="3178"/>
		<borderitem edge="dsw"	item="3179"/>
		<borderitem edge="dse"	item="3181"/>
		<borderitem edge="dnw"	item="3173"/>
		<borderitem edge="dne"	item="3175"/>
	</border>

	<!-- banuta tiles 4 -->
	<border id="26">
		<borderitem edge="s"	item="3198"/>
		<borderitem edge="n"	item="3194"/>
		<borderitem edge="w"	item="3195"/>
		<borderitem edge="e"	item="3197"/>
		<borderitem edge="dsw"	item="3192"/>
		<borderitem edge="dse"	item="3193"/>
		<borderitem edge="dnw"	item="3190"/>
		<borderitem edge="dne"	item="3191"/>
	</border>

	<!-- port hope wooden floor 2 -->
	<border id="27">
		<borderitem edge="s"	item="3224"/>
		<borderitem edge="n"	item="3225"/>
	</border>

	<!-- banuta tiles 5 -->
	<border id="28">
		<borderitem edge="s"	item="3227"/>
		<borderitem edge="n"	item="3240"/>
		<borderitem edge="w"	item="3234"/>
		<borderitem edge="e"	item="3233"/>
		<borderitem edge="dnw"	item="3237"/>
		<borderitem edge="dne"	item="3236"/>
		<borderitem edge="dsw"	item="3231"/>
		<borderitem edge="dse"	item="3230"/>
		<borderitem edge="cne"	item="3235"/>
		<borderitem edge="cnw"	item="3238"/>
		<borderitem edge="cse"	item="3226"/>
		<borderitem edge="csw"	item="3228"/>
	</border>

	<!-- banuta tiles 6 -->
	<border id="29">
		<borderitem edge="cne"	item="3239"/>
		<borderitem edge="cnw"	item="3241"/>
		<borderitem edge="cse"	item="3229"/>
		<borderitem edge="csw"	item="3232"/>
	</border>

	<!-- port hope wooden floor 3 -->
	<border id="30">
		<borderitem edge="s"	item="3242"/>
		<borderitem edge="n"	item="3243"/>
		<borderitem edge="w"	item="3245"/>
		<borderitem edge="e"	item="3244"/>
	</border>

	<!-- jungle grass -->
	<border id="31">
		<borderitem edge="s"	item="3304"/>
		<borderitem edge="n"	item="3305"/>
		<borderitem edge="w"	item="3303"/>
		<borderitem edge="e"	item="3302"/>
		<borderitem edge="dnw"	item="3309"/>
		<borderitem edge="dne"	item="3308"/>
		<borderitem edge="dsw"	item="3307"/>
		<borderitem edge="dse"	item="3306"/>
		<borderitem edge="cne"	item="3300"/>
		<borderitem edge="cnw"	item="3301"/>
		<borderitem edge="cse"	item="3298"/>
		<borderitem edge="csw"	item="3299"/>
	</border>

	<!-- jungle roof -->
	<border id="32">
		<borderitem edge="s"	item="3350"/>
		<borderitem edge="n"	item="3353"/>
		<borderitem edge="w"	item="3356"/>
		<borderitem edge="e"	item="3355"/>
		<borderitem edge="dnw"	item="3360"/>
		<borderitem edge="dne"	item="3359"/>
		<borderitem edge="dsw"	item="3358"/>
		<borderitem edge="dse"	item="3357"/>
		<borderitem edge="cne"	item="3352"/>
		<borderitem edge="cnw"	item="3354"/>
		<borderitem edge="cse"	item="3349"/>
		<borderitem edge="csw"	item="3351"/>
	</border>

	<!-- mountain edge border small -->
	<border id="33">
		<borderitem edge="s"	item="4458"/>
		<borderitem edge="n"	item="4456"/>
		<borderitem edge="w"	item="4459"/>
		<borderitem edge="e"	item="4457"/>
		<borderitem edge="dnw"	item="4464"/>
		<borderitem edge="dne"	item="4465"/>
		<borderitem edge="dsw"	item="4467"/>
		<borderitem edge="dse"	item="4466"/>
		<borderitem edge="cne"	item="4461"/>
		<borderitem edge="cnw"	item="4460"/>
		<borderitem edge="cse"	item="4462"/>
		<borderitem edge="csw"	item="4463"/>
	</border>

	<!-- mountain edge border big, outer -->
	<border id="34">
		<borderitem edge="s"	item="4469"/>
		<borderitem edge="n"	item="4471"/>
		<borderitem edge="w"	item="4472"/>
		<borderitem edge="e"	item="4468"/>
		<borderitem edge="dnw"	item="4476"/>
		<borderitem edge="dne"	item="4478"/>
		<borderitem edge="dsw"	item="4477"/>
		<borderitem edge="dse"	item="4479"/>
		<borderitem edge="cne"	item="4474"/>
		<borderitem edge="cnw"	item="4475"/>
		<borderitem edge="cse"	item="4470"/>
		<borderitem edge="csw"	item="4473"/>
	</border>

	<!-- mountain edge border big, base -->
	<border id="35">
		<borderitem edge="s"	item="876"/>
		<borderitem edge="e"	item="875"/>
		<borderitem edge="dne"	item="878"/>
		<borderitem edge="dsw"	item="4469"/>
		<borderitem edge="dse"	item="4479"/>
		<borderitem edge="cse"	item="4470"/>
	</border>

	<!-- mountain edge border minimum -->
	<border id="36">
		<borderitem edge="n"	item="4827"/>
		<borderitem edge="w"	item="4826"/>
	</border>

	<!-- rocky floor -->
	<border id="37">
		<borderitem edge="s"	item="4516"/>
		<borderitem edge="n"	item="4514"/>
		<borderitem edge="w"	item="4517"/>
		<borderitem edge="e"	item="4515"/>
		<borderitem edge="dnw"	item="4522"/>
		<borderitem edge="dne"	item="4523"/>
		<borderitem edge="dsw"	item="4524"/>
		<borderitem edge="dse"	item="4525"/>
		<borderitem edge="cne"	item="4519"/>
		<borderitem edge="cnw"	item="4518"/>
		<borderitem edge="cse"	item="4521"/>
		<borderitem edge="csw"	item="4520"/>
	</border>

	<!-- grass -->
	<border id="38">
		<borderitem edge="n"   item="4542"/>
		<borderitem edge="e"   item="4543"/>
		<borderitem edge="s"   item="4544"/>
		<borderitem edge="w"   item="4545"/>
		<borderitem edge="cnw" item="4546"/>
		<borderitem edge="cne" item="4547"/>
		<borderitem edge="csw" item="4548"/>
		<borderitem edge="cse" item="4549"/>
		<borderitem edge="dnw" item="4550"/>
		<borderitem edge="dne" item="4551"/>
		<borderitem edge="dsw" item="4552"/>
		<borderitem edge="dse" item="4553"/>
	</border>

	<!-- gravel -->
	<border id="39">
		<borderitem edge="s"	item="4556"/>
		<borderitem edge="n"	item="4554"/>
		<borderitem edge="w"	item="4557"/>
		<borderitem edge="e"	item="4555"/>
		<borderitem edge="dnw"	item="4562"/>
		<borderitem edge="dne"	item="4563"/>
		<borderitem edge="dsw"	item="4564"/>
		<borderitem edge="dse"	item="4565"/>
		<borderitem edge="cne"	item="4559"/>
		<borderitem edge="cnw"	item="4558"/>
		<borderitem edge="cse"	item="4561"/>
		<borderitem edge="csw"	item="4560"/>
	</border>

	<!-- white sand -->
	<border id="40">
		<borderitem edge="s"	item="4598"/>
		<borderitem edge="n"	item="4596"/>
		<borderitem edge="w"	item="4599"/>
		<borderitem edge="e"	item="4597"/>
		<borderitem edge="dnw"	item="4604"/>
		<borderitem edge="dne"	item="4605"/>
		<borderitem edge="dsw"	item="4606"/>
		<borderitem edge="dse"	item="4607"/>
		<borderitem edge="cne"	item="4601"/>
		<borderitem edge="cnw"	item="4600"/>
		<borderitem edge="cse"	item="4603"/>
		<borderitem edge="csw"	item="4602"/>
	</border>

	<!-- beach -->
	<border id="41">
		<borderitem edge="n"	item="4632"/>
		<borderitem edge="s"	item="4634"/>
		<borderitem edge="e"	item="4635"/>
		<borderitem edge="w"	item="4633"/>
		<borderitem edge="cse"	item="4640"/>
		<borderitem edge="csw"	item="4641"/>
		<borderitem edge="cne"	item="4642"/>
		<borderitem edge="cnw"	item="4643"/>
		<borderitem edge="dsw"	item="4637"/>
		<borderitem edge="dse"	item="4636"/>
		<borderitem edge="dnw"	item="4639"/>
		<borderitem edge="dne"	item="4638"/>
	</border>

	<!-- sea -->
	<border id="42">
		<borderitem edge="n"   item="4644"/>
		<borderitem edge="e"   item="4645"/>
		<borderitem edge="s"   item="4646"/>
		<borderitem edge="w"   item="4647"/>
		<borderitem edge="cnw" item="4652"/>
		<borderitem edge="cne" item="4653"/>
		<borderitem edge="csw" item="4654"/>
		<borderitem edge="cse" item="4655"/>
		<borderitem edge="dnw" item="4648"/>
		<borderitem edge="dne" item="4649"/>
		<borderitem edge="dsw" item="4650"/>
		<borderitem edge="dse" item="4651"/>
	</border>

	<!-- dirt -->
	<border id="43">
		<borderitem edge="s"	item="4669"/>
		<borderitem edge="n"	item="4667"/>
		<borderitem edge="w"	item="4670"/>
		<borderitem edge="e"	item="4668"/>
		<borderitem edge="dnw"	item="4675"/>
		<borderitem edge="dne"	item="4676"/>
		<borderitem edge="dsw"	item="4677"/>
		<borderitem edge="dse"	item="4678"/>
		<borderitem edge="cne"	item="4672"/>
		<borderitem edge="cnw"	item="4671"/>
		<borderitem edge="cse"	item="4674"/>
		<borderitem edge="csw"	item="4673"/>
	</border>

	<!-- muddy dirt -->
	<border id="44">
		<borderitem edge="s"	item="4681"/>
		<borderitem edge="n"	item="4679"/>
		<borderitem edge="w"	item="4682"/>
		<borderitem edge="e"	item="4680"/>
		<borderitem edge="dnw"	item="4687"/>
		<borderitem edge="dne"	item="4688"/>
		<borderitem edge="dsw"	item="4689"/>
		<borderitem edge="dse"	item="4690"/>
		<borderitem edge="cne"	item="4684"/>
		<borderitem edge="cnw"	item="4683"/>
		<borderitem edge="cse"	item="4686"/>
		<borderitem edge="csw"	item="4685"/>
	</border>

	<!-- swamp -->
	<border id="45">
		<borderitem edge="s"	item="4715"/>
		<borderitem edge="n"	item="4713"/>
		<borderitem edge="w"	item="4716"/>
		<borderitem edge="e"	item="4714"/>
		<borderitem edge="dnw"	item="4721"/>
		<borderitem edge="dne"	item="4722"/>
		<borderitem edge="dsw"	item="4723"/>
		<borderitem edge="dse"	item="4724"/>
		<borderitem edge="cne"	item="4718"/>
		<borderitem edge="cnw"	item="4717"/>
		<borderitem edge="cse"	item="4720"/>
		<borderitem edge="csw"	item="4719"/>
	</border>

	<!-- jungle swamp -->
	<border id="46">
		<borderitem edge="s"	item="4727"/>
		<borderitem edge="n"	item="4725"/>
		<borderitem edge="w"	item="4728"/>
		<borderitem edge="e"	item="4726"/>
		<borderitem edge="dnw"	item="4733"/>
		<borderitem edge="dne"	item="4734"/>
		<borderitem edge="dsw"	item="4735"/>
		<borderitem edge="dse"	item="4736"/>
		<borderitem edge="cne"	item="4730"/>
		<borderitem edge="cnw"	item="4729"/>
		<borderitem edge="cse"	item="4732"/>
		<borderitem edge="csw"	item="4731"/>
	</border>

	<!-- snow -->
	<border id="47">
		<borderitem edge="s"	item="4739"/>
		<borderitem edge="n"	item="4737"/>
		<borderitem edge="w"	item="4740"/>
		<borderitem edge="e"	item="4738"/>
		<borderitem edge="dnw"	item="4745"/>
		<borderitem edge="dne"	item="4746"/>
		<borderitem edge="dsw"	item="4747"/>
		<borderitem edge="dse"	item="4748"/>
		<borderitem edge="cne"	item="4742"/>
		<borderitem edge="cnw"	item="4741"/>
		<borderitem edge="cse"	item="4744"/>
		<borderitem edge="csw"	item="4743"/>
	</border>

	<!-- sand particles -->
	<border id="48">
		<borderitem edge="s"	item="4762"/>
		<borderitem edge="n"	item="4760"/>
		<borderitem edge="w"	item="4763"/>
		<borderitem edge="e"	item="4761"/>
		<borderitem edge="dnw"	item="4768"/>
		<borderitem edge="dne"	item="4769"/>
		<borderitem edge="dsw"	item="4770"/>
		<borderitem edge="dse"	item="4771"/>
		<borderitem edge="cne"	item="4765"/>
		<borderitem edge="cnw"	item="4764"/>
		<borderitem edge="cse"	item="4767"/>
		<borderitem edge="csw"	item="4766"/>
	</border>

	<!-- sand normal -->
	<border id="49">
		<borderitem edge="n"   item="4772"/>
		<borderitem edge="e"   item="4775"/>
		<borderitem edge="s"   item="4773"/>
		<borderitem edge="w"   item="4774"/>
		<borderitem edge="cnw" item="4776"/>
		<borderitem edge="cne" item="4777"/>
		<borderitem edge="csw" item="4778"/>
		<borderitem edge="cse" item="4779"/>
		<borderitem edge="dnw" item="4780"/>
		<borderitem edge="dne" item="4781"/>
		<borderitem edge="dsw" item="4782"/>
		<borderitem edge="dse" item="4783"/>
	</border>

	<!-- flowery grass -->
	<border id="50">
		<borderitem edge="s"	item="4786"/>
		<borderitem edge="n"	item="4784"/>
		<borderitem edge="w"	item="4787"/>
		<borderitem edge="e"	item="4785"/>
		<borderitem edge="dnw"	item="4792"/>
		<borderitem edge="dne"	item="4793"/>
		<borderitem edge="dsw"	item="4794"/>
		<borderitem edge="dse"	item="4795"/>
		<borderitem edge="cne"	item="4789"/>
		<borderitem edge="cnw"	item="4788"/>
		<borderitem edge="cse"	item="4791"/>
		<borderitem edge="csw"	item="4790"/>
	</border>

	<!-- cave floor -->
	<border id="51">
		<borderitem edge="s"	item="4798"/>
		<borderitem edge="n"	item="4796"/>
		<borderitem edge="w"	item="4799"/>
		<borderitem edge="e"	item="4797"/>
		<borderitem edge="dnw"	item="4804"/>
		<borderitem edge="dne"	item="4805"/>
		<borderitem edge="dsw"	item="4806"/>
		<borderitem edge="dse"	item="4807"/>
		<borderitem edge="cne"	item="4801"/>
		<borderitem edge="cnw"	item="4800"/>
		<borderitem edge="cse"	item="4803"/>
		<borderitem edge="csw"	item="4802"/>
	</border>

	<!-- cave floor with lava -->
	<border id="52">
		<borderitem edge="s"	item="4810"/>
		<borderitem edge="n"	item="4808"/>
		<borderitem edge="w"	item="4811"/>
		<borderitem edge="e"	item="4809"/>
		<borderitem edge="dnw"	item="4816"/>
		<borderitem edge="dne"	item="4817"/>
		<borderitem edge="dsw"	item="4818"/>
		<borderitem edge="dse"	item="4819"/>
		<borderitem edge="cne"	item="4813"/>
		<borderitem edge="cnw"	item="4812"/>
		<borderitem edge="cse"	item="4815"/>
		<borderitem edge="csw"	item="4814"/>
	</border>

	<!-- walkable sea -->
	<border id="53">
		<borderitem edge="n"	item="4828"/>
		<borderitem edge="s"	item="4830"/>
		<borderitem edge="e"	item="4829"/>
		<borderitem edge="w"	item="4831"/>
	</border>

	<!-- banuta roof, unwalkable -->
	<border id="54">
		<borderitem edge="s"	item="3221"/>
		<borderitem edge="e"	item="3222"/>
		<borderitem edge="cse"	item="3223"/>
	</border>

	<!-- banuta roof, walkable -->
	<border id="55">
		<borderitem edge="s"	item="3218"/>
		<borderitem edge="e"	item="3188"/>
		<borderitem edge="cse"	item="3189"/>
	</border>

	<!-- 7.8 - 8.0 -->
	<!-- 56 - 71 - marquee -->
	<border id="56">
		<borderitem edge="s"	item="5168"/>
		<borderitem edge="n"	item="5169"/>
		<borderitem edge="w"	item="5167"/>
		<borderitem edge="cnw"	item="5163"/>
		<borderitem edge="csw"	item="5162"/>
	</border>

	<border id="57">
		<borderitem edge="s"	item="5165"/>
		<borderitem edge="n"	item="5166"/>
		<borderitem edge="w"	item="5167"/>
		<borderitem edge="e"	item="5158"/>
		<borderitem edge="cne"	item="5164"/>
		<borderitem edge="cnw"	item="5163"/>
		<borderitem edge="cse"	item="5161"/>
		<borderitem edge="csw"	item="5162"/>
	</border>

	<border id="58">
		<borderitem edge="s"	item="5176"/>
		<borderitem edge="n"	item="5178"/>
		<borderitem edge="w"	item="5180"/>
		<borderitem edge="cnw"	item="5181"/>
		<borderitem edge="csw"	item="5179"/>
	</border>

	<border id="59">
		<borderitem edge="s"	item="5173"/>
		<borderitem edge="n"	item="5175"/>
		<borderitem edge="w"	item="5180"/>
		<borderitem edge="e"	item="5171"/>
		<borderitem edge="cne"	item="5172"/>
		<borderitem edge="cnw"	item="5181"/>
		<borderitem edge="cse"	item="5170"/>
		<borderitem edge="csw"	item="5179"/>
	</border>

	<border id="60">
		<borderitem edge="s"	item="5209"/>
		<borderitem edge="n"	item="5211"/>
		<borderitem edge="w"	item="5216"/>
		<borderitem edge="cnw"	item="5217"/>
		<borderitem edge="csw"	item="5215"/>
	</border>

	<border id="61">
		<borderitem edge="s"	item="5212"/>
		<borderitem edge="n"	item="5214"/>
		<borderitem edge="w"	item="5216"/>
		<borderitem edge="e"	item="5207"/>
		<borderitem edge="cne"	item="5208"/>
		<borderitem edge="cnw"	item="5217"/>
		<borderitem edge="cse"	item="5206"/>
		<borderitem edge="csw"	item="5215"/>
	</border>

	<border id="62">
		<borderitem edge="s"	item="5233"/>
		<borderitem edge="n"	item="5235"/>
		<borderitem edge="w"	item="5240"/>
		<borderitem edge="cnw"	item="5241"/>
		<borderitem edge="csw"	item="5239"/>
	</border>

	<border id="63">
		<borderitem edge="s"	item="5236"/>
		<borderitem edge="n"	item="5238"/>
		<borderitem edge="w"	item="5240"/>
		<borderitem edge="e"	item="5231"/>
		<borderitem edge="cne"	item="5232"/>
		<borderitem edge="cnw"	item="5241"/>
		<borderitem edge="cse"	item="5230"/>
		<borderitem edge="csw"	item="5239"/>
	</border>

	<border id="64">
		<borderitem edge="n"	item="5192"/>
		<borderitem edge="w"	item="5187"/>
		<borderitem edge="e"	item="5185"/>
		<borderitem edge="cne"	item="5191"/>
		<borderitem edge="cnw"	item="5193"/>
	</border>

	<border id="65">
		<borderitem edge="s"	item="5183"/>
		<borderitem edge="n"	item="5192"/>
		<borderitem edge="w"	item="5190"/>
		<borderitem edge="e"	item="5188"/>
		<borderitem edge="cne"	item="5191"/>
		<borderitem edge="cnw"	item="5193"/>
		<borderitem edge="cse"	item="5182"/>
		<borderitem edge="csw"	item="5184"/>
	</border>

	<border id="66">
		<borderitem edge="n"	item="5201"/>
		<borderitem edge="w"	item="5203"/>
		<borderitem edge="e"	item="5195"/>
		<borderitem edge="cne"	item="5197"/>
		<borderitem edge="cnw"	item="5205"/>
	</border>

	<border id="67">
		<borderitem edge="s"	item="5198"/>
		<borderitem edge="n"	item="5201"/>
		<borderitem edge="w"	item="5204"/>
		<borderitem edge="e"	item="5196"/>
		<borderitem edge="cne"	item="5197"/>
		<borderitem edge="cnw"	item="5205"/>
		<borderitem edge="cse"	item="5194"/>
		<borderitem edge="csw"	item="5202"/>
	</border>

	<border id="68">
		<borderitem edge="n"	item="5225"/>
		<borderitem edge="w"	item="5227"/>
		<borderitem edge="e"	item="5219"/>
		<borderitem edge="cne"	item="5221"/>
		<borderitem edge="cnw"	item="5229"/>
	</border>

	<border id="69">
		<borderitem edge="s"	item="5222"/>
		<borderitem edge="n"	item="5225"/>
		<borderitem edge="w"	item="5228"/>
		<borderitem edge="e"	item="5220"/>
		<borderitem edge="cne"	item="5221"/>
		<borderitem edge="cnw"	item="5229"/>
		<borderitem edge="cse"	item="5218"/>
		<borderitem edge="csw"	item="5226"/>
	</border>

	<border id="70">
		<borderitem edge="n"	item="5249"/>
		<borderitem edge="w"	item="5251"/>
		<borderitem edge="e"	item="5243"/>
		<borderitem edge="cne"	item="5245"/>
		<borderitem edge="cnw"	item="5253"/>
	</border>

	<border id="71">
		<borderitem edge="s"	item="5246"/>
		<borderitem edge="n"	item="5249"/>
		<borderitem edge="w"	item="5252"/>
		<borderitem edge="e"	item="5244"/>
		<borderitem edge="cne"	item="5245"/>
		<borderitem edge="cnw"	item="5253"/>
		<borderitem edge="cse"	item="5242"/>
		<borderitem edge="csw"	item="5250"/>
	</border>

	<!-- ocean floor -->
	<border id="72">
		<borderitem edge="s"	item="5428"/>
		<borderitem edge="n"	item="5427"/>
		<borderitem edge="w"	item="5430"/>
		<borderitem edge="e"	item="5429"/>
		<borderitem edge="dnw"	item="5434"/>
		<borderitem edge="dne"	item="5433"/>
		<borderitem edge="dsw"	item="5432"/>
		<borderitem edge="dse"	item="5431"/>
		<borderitem edge="cne"	item="5438"/>
		<borderitem edge="cnw"	item="5437"/>
		<borderitem edge="cse"	item="5435"/>
		<borderitem edge="csw"	item="5436"/>
	</border>

	<!-- cave wall dirt -->
	<border id="73">
		<borderitem edge="n"	item="5632"/>
		<borderitem edge="s"	item="5638"/>
		<borderitem edge="w"	item="5631"/>
		<borderitem edge="e"	item="5637"/>
		<borderitem edge="dnw"	item="5647"/>
		<borderitem edge="dne"	item="5651"/>
		<borderitem edge="dsw"	item="5650"/>
		<borderitem edge="dse"	item="5649"/>
		<borderitem edge="cne"	item="5636"/>
		<borderitem edge="cnw"	item="5635"/>
		<borderitem edge="cse"	item="5633"/>
		<borderitem edge="csw"	item="5634"/>
	</border>

	<!-- cave wall stone -->
	<border id="74">
		<borderitem edge="n"	item="5640"/>
		<borderitem edge="s"	item="5642"/>
		<borderitem edge="w"	item="5639"/>
		<borderitem edge="e"	item="5641"/>
		<borderitem edge="dnw"	item="5648"/>
		<borderitem edge="dne"	item="5652"/>
		<borderitem edge="dsw"	item="5654"/>
		<borderitem edge="dse"	item="5653"/>
		<borderitem edge="cne"	item="5646"/>
		<borderitem edge="cnw"	item="5645"/>
		<borderitem edge="cse"	item="5643"/>
		<borderitem edge="csw"	item="5644"/>
	</border>

	<!-- melting ground -->
	<border id="75">
		<borderitem edge="s"	item="5818"/>
		<borderitem edge="n"	item="5816"/>
		<borderitem edge="w"	item="5819"/>
		<borderitem edge="e"	item="5817"/>
		<borderitem edge="dnw"	item="5827"/>
		<borderitem edge="dne"	item="5826"/>
		<borderitem edge="dsw"	item="5825"/>
		<borderitem edge="dse"	item="5824"/>
		<borderitem edge="cne"	item="5823"/>
		<borderitem edge="cnw"	item="5822"/>
		<borderitem edge="cse"	item="5820"/>
		<borderitem edge="csw"	item="5821"/>
	</border>

	<!-- mountain ground with lava border -->
	<border id="76">
		<borderitem edge="s"	item="5830"/>
		<borderitem edge="n"	item="5828"/>
		<borderitem edge="w"	item="5831"/>
		<borderitem edge="e"	item="5829"/>
		<borderitem edge="dnw"	item="5836"/>
		<borderitem edge="dne"	item="5837"/>
		<borderitem edge="dsw"	item="5838"/>
		<borderitem edge="dse"	item="5839"/>
		<borderitem edge="cne"	item="5835"/>
		<borderitem edge="cnw"	item="5834"/>
		<borderitem edge="cse"	item="5833"/>
		<borderitem edge="csw"	item="5832"/>
	</border>

	<!-- melting ground mountain border -->
	<border id="77">
		<borderitem edge="s"	item="5842"/>
		<borderitem edge="n"	item="5840"/>
		<borderitem edge="w"	item="5841"/>
		<borderitem edge="e"	item="5843"/>
		<borderitem edge="dnw"	item="5849"/>
		<borderitem edge="dne"	item="5850"/>
		<borderitem edge="dsw"	item="5848"/>
		<borderitem edge="dse"	item="5851"/>
		<borderitem edge="cne"	item="5846"/>
		<borderitem edge="cnw"	item="5845"/>
		<borderitem edge="cse"	item="5847"/>
		<borderitem edge="csw"	item="5844"/>
	</border>

	<!-- ab grass -->
	<border id="78">
		<borderitem edge="s"	item="6161"/>
		<borderitem edge="n"	item="6164"/>
		<borderitem edge="w"	item="6167"/>
		<borderitem edge="e"	item="6166"/>
		<borderitem edge="dnw"	item="6171"/>
		<borderitem edge="dne"	item="6170"/>
		<borderitem edge="dsw"	item="6169"/>
		<borderitem edge="dse"	item="6168"/>
		<borderitem edge="cne"	item="6163"/>
		<borderitem edge="cnw"	item="6165"/>
		<borderitem edge="cse"	item="6160"/>
		<borderitem edge="csw"	item="6162"/>
	</border>

	<!-- ab bridge vertical -->
	<border id="79">
		<borderitem edge="s"	item="6211"/>
		<borderitem edge="n"	item="6212"/>
	</border>

	<!-- ab bridge horizontal -->
	<border id="80">
		<borderitem edge="w"	item="6215"/>
		<borderitem edge="e"	item="6214"/>
	</border>

	<!-- snow border with water -->
	<border id="81">
		<borderitem edge="s"	item="6629"/>
		<borderitem edge="n"	item="6627"/>
		<borderitem edge="w"	item="6630"/>
		<borderitem edge="e"	item="6628"/>
		<borderitem edge="dnw"	item="6631"/>
		<borderitem edge="dne"	item="6632"/>
		<borderitem edge="dsw"	item="6634"/>
		<borderitem edge="dse"	item="6633"/>
		<borderitem edge="cne"	item="6636"/>
		<borderitem edge="cnw"	item="6635"/>
		<borderitem edge="cse"	item="6637"/>
		<borderitem edge="csw"	item="6638"/>
	</border>

	<!-- gray mud border with water -->
	<border id="82">
		<borderitem edge="s"	item="6641"/>
		<borderitem edge="n"	item="6639"/>
		<borderitem edge="w"	item="6642"/>
		<borderitem edge="e"	item="6640"/>
		<borderitem edge="dnw"	item="6646"/>
		<borderitem edge="dne"	item="6645"/>
		<borderitem edge="dsw"	item="6643"/>
		<borderitem edge="dse"	item="6644"/>
		<borderitem edge="cne"	item="6648"/>
		<borderitem edge="cnw"	item="6647"/>
		<borderitem edge="cse"	item="6650"/>
		<borderitem edge="csw"	item="6649"/>
	</border>

	<!-- snow border with water variant b -->
	<border id="83">
		<borderitem edge="s"	item="6675"/>
		<borderitem edge="n"	item="4739"/>
		<borderitem edge="w"	item="4738"/>
		<borderitem edge="e"	item="6676"/>
		<borderitem edge="dnw"	item="6678"/>
		<borderitem edge="dne"	item="6679"/>
		<borderitem edge="dsw"	item="6677"/>
		<borderitem edge="dse"	item="4748"/>
		<borderitem edge="cne"	item="6681"/>
		<borderitem edge="cnw"	item="6682"/>
		<borderitem edge="cse"	item="4744"/>
		<borderitem edge="csw"	item="6680"/>
	</border>

	<!-- ice border -->
	<border id="84">
		<borderitem edge="s"	item="6697"/>
		<borderitem edge="n"	item="6695"/>
		<borderitem edge="w"	item="6696"/>
		<borderitem edge="e"	item="6698"/>
		<borderitem edge="dnw"	item="6703"/>
		<borderitem edge="dne"	item="6704"/>
		<borderitem edge="dsw"	item="6705"/>
		<borderitem edge="dse"	item="6706"/>
		<borderitem edge="cne"	item="6700"/>
		<borderitem edge="cnw"	item="6699"/>
		<borderitem edge="cse"	item="6702"/>
		<borderitem edge="csw"	item="6701"/>
	</border>

	<!-- snowy mountain border -->
	<border id="85">
		<borderitem edge="s"	item="6761"/>
		<borderitem edge="n"	item="6720"/>
		<borderitem edge="w"	item="6762"/>
		<borderitem edge="e"	item="6719"/>
		<borderitem edge="dnw"	item="6724"/>
		<borderitem edge="dne"	item="6726"/>
		<borderitem edge="dsw"	item="6725"/>
		<borderitem edge="dse"	item="6727"/>
		<borderitem edge="cne"	item="6722"/>
		<borderitem edge="cnw"	item="6723"/>
		<borderitem edge="cse"	item="6768"/>
		<borderitem edge="csw"	item="6721"/>
	</border>

	<!-- fur roof border -->
	<border id="86">
		<borderitem edge="s"	item="6811"/>
		<borderitem edge="n"	item="6814"/>
		<borderitem edge="w"	item="6817"/>
		<borderitem edge="e"	item="6816"/>
		<borderitem edge="dnw"	item="6821"/>
		<borderitem edge="dne"	item="6820"/>
		<borderitem edge="dsw"	item="6819"/>
		<borderitem edge="dse"	item="6818"/>
		<borderitem edge="cne"	item="6813"/>
		<borderitem edge="cnw"	item="6815"/>
		<borderitem edge="cse"	item="6810"/>
		<borderitem edge="csw"	item="6812"/>
	</border>

	<!-- snowy cave wall border -->
	<border id="87">
		<borderitem edge="n"	item="6823"/>
		<borderitem edge="s"	item="6825"/>
		<borderitem edge="w"	item="6822"/>
		<borderitem edge="e"	item="6824"/>
		<borderitem edge="dsw"	item="6833"/>
		<borderitem edge="dse"	item="6832"/>
		<borderitem edge="dnw"	item="6830"/>
		<borderitem edge="dne"	item="6831"/>
		<borderitem edge="cne"	item="6829"/>
		<borderitem edge="cnw"	item="6828"/>
		<borderitem edge="cse"	item="6826"/>
		<borderitem edge="csw"	item="6827"/>
	</border>

	<!-- mountain border ice -->
	<border id="88">
		<borderitem edge="s"	item="6872"/>
		<borderitem edge="n"	item="6870"/>
		<borderitem edge="w"	item="6871"/>
		<borderitem edge="e"	item="6873"/>
		<borderitem edge="dnw"	item="6878"/>
		<borderitem edge="dne"	item="6881"/>
		<borderitem edge="dsw"	item="6879"/>
		<borderitem edge="dse"	item="6880"/>
		<borderitem edge="cne"	item="6876"/>
		<borderitem edge="cnw"	item="6875"/>
		<borderitem edge="cse"	item="6877"/>
		<borderitem edge="csw"	item="6874"/>
	</border>

	<!-- mountain border packed ice -->
	<border id="89">
		<borderitem edge="s"	item="6928"/>
		<borderitem edge="n"	item="6926"/>
		<borderitem edge="w"	item="6927"/>
		<borderitem edge="e"	item="6929"/>
		<borderitem edge="dnw"	item="6934"/>
		<borderitem edge="dne"	item="6937"/>
		<borderitem edge="dsw"	item="6935"/>
		<borderitem edge="dse"	item="6936"/>
		<borderitem edge="cne"	item="6932"/>
		<borderitem edge="cnw"	item="6931"/>
		<borderitem edge="cse"	item="6933"/>
		<borderitem edge="csw"	item="6930"/>
	</border>

	<!-- mountain border snow -->
	<border id="90">
		<borderitem edge="s"	item="6941"/>
		<borderitem edge="n"	item="6939"/>
		<borderitem edge="w"	item="6940"/>
		<borderitem edge="e"	item="6942"/>
		<borderitem edge="dnw"	item="6948"/>
		<borderitem edge="dne"	item="6947"/>
		<borderitem edge="dsw"	item="6949"/>
		<borderitem edge="dse"	item="6950"/>
		<borderitem edge="cne"	item="6944"/>
		<borderitem edge="cnw"	item="6946"/>
		<borderitem edge="cse"	item="6943"/>
		<borderitem edge="csw"	item="6945"/>
	</border>

	<!-- gray mud soft border -->
	<border id="91">
		<borderitem edge="s"	item="7069"/>
		<borderitem edge="n"	item="7067"/>
		<borderitem edge="w"	item="7070"/>
		<borderitem edge="e"	item="7068"/>
		<borderitem edge="dnw"	item="7077"/>
		<borderitem edge="dne"	item="7078"/>
		<borderitem edge="dsw"	item="7075"/>
		<borderitem edge="dse"	item="7076"/>
		<borderitem edge="cne"	item="7072"/>
		<borderitem edge="cnw"	item="7071"/>
		<borderitem edge="cse"	item="7074"/>
		<borderitem edge="csw"	item="7073"/>
	</border>

	<!-- gray mud hard border -->
	<border id="92">
		<borderitem edge="s"	item="7081"/>
		<borderitem edge="n"	item="7079"/>
		<borderitem edge="w"	item="7082"/>
		<borderitem edge="e"	item="7080"/>
		<borderitem edge="dnw"	item="7089"/>
		<borderitem edge="dne"	item="7090"/>
		<borderitem edge="dsw"	item="7087"/>
		<borderitem edge="dse"	item="7088"/>
		<borderitem edge="cne"	item="7084"/>
		<borderitem edge="cnw"	item="7083"/>
		<borderitem edge="cse"	item="7086"/>
		<borderitem edge="csw"	item="7085"/>
	</border>

	<!-- ice wall border -->
	<border id="93">
		<borderitem edge="s"	item="7111"/>
		<borderitem edge="n"	item="7107"/>
		<borderitem edge="w"	item="7112"/>
		<borderitem edge="e"	item="7110"/>
		<borderitem edge="dnw"	item="7119"/>
		<borderitem edge="dne"	item="7120"/>
		<borderitem edge="dsw"	item="7117"/>
		<borderitem edge="dse"	item="7118"/>
		<borderitem edge="cne"	item="7114"/>
		<borderitem edge="cnw"	item="7113"/>
		<borderitem edge="cse"	item="7116"/>
		<borderitem edge="csw"	item="7115"/>
	</border>

	<!-- raft to sea border -->
	<border id="94">
		<borderitem edge="s"	item="7191"/>
		<borderitem edge="n"	item="7192"/>
		<borderitem edge="w"	item="7194"/>
		<borderitem edge="e"	item="7188"/>
		<borderitem edge="dnw"	item="7198"/>
		<borderitem edge="dne"	item="7196"/>
		<borderitem edge="dsw"	item="7199"/>
		<borderitem edge="dse"	item="7197"/>
		<borderitem edge="cne"	item="7190"/>
		<borderitem edge="cnw"	item="7195"/>
		<borderitem edge="cse"	item="7187"/>
		<borderitem edge="csw"	item="7193"/>
	</border>

	<!-- raft optional border -->
	<border id="95">
		<borderitem edge="s"	item="7204"/>
		<borderitem edge="n"	item="7205"/>
		<borderitem edge="w"	item="7207"/>
		<borderitem edge="e"	item="7202"/>
		<borderitem edge="dnw"	item="7211"/>
		<borderitem edge="dne"	item="7209"/>
		<borderitem edge="dsw"	item="7212"/>
		<borderitem edge="dse"	item="7210"/>
		<borderitem edge="cne"	item="7203"/>
		<borderitem edge="cnw"	item="7208"/>
		<borderitem edge="cse"	item="7201"/>
		<borderitem edge="csw"	item="7206"/>
	</border>
</materials>
