<materials>
	<tileset name="Cave">
		<terrain>
			<brush name="void"/>
			<brush name="lava"/>
			<brush name="walkable lava"/>
			<brush name="clear water"/>
			<brush name="earth (soft)"/>
			<brush name="earth (hard)"/>
			<brush name="dirt"/>
			<brush name="light dirt"/>
			<brush name="cave"/>
			<brush name="cave hole"/>
			<brush name="cave ropespot"/>
			<brush name="cave small hole"/>
			<brush name="cave pickhole"/>
		</terrain>
	</tileset>

	<tileset name="Nature">
		<terrain>
			<brush name="sea"/>
			<brush name="walkable sea"/>
			<brush name="swamp"/>
			<brush name="dark swamp"/>
			<brush name="tar pit"/>
			<brush name="mountain"/>
			<brush name="mountain ground"/>
			<brush name="mountain top ground"/>
			<brush name="rocky ground"/>
			<brush name="white gravel"/>
			<brush name="jungle grass"/>
			<brush name="grass"/>
			<brush name="grass closed stone pile"/>
			<brush name="grass pitfall"/>
			<brush name="grass pitfall (always open)"/>
			<brush name="jungle dirt"/>
			<brush name="dirt"/>
			<brush name="light dirt"/>
			<brush name="snow"/>
			<brush name="ice"/>
			<brush name="dry earth"/>
			<brush name="sand"/>
			<brush name="sand closed stone pile"/>
			<brush name="ramp"/>
			<brush name="bamboo ramp"/>
			<brush name="debris"/>
			<brush name="debris_1"/>
			<brush name="ice debris"/>
			<brush name="twines"/>
			<brush name="tendril wall"/>
			<brush name="tendrils"/>
			<brush name="mossy wall_2"/>
		</terrain>
	</tileset>

	<tileset name="Roofs">
		<terrain>
			<brush name="flat roof"/>
			<item id="924"/>
			<brush name="brown bamboo roof"/>
			<brush name="brick roof, left"/>
			<brush name="brick roof, vertical"/>
			<brush name="brick roof, right"/>
			<brush name="brick roof, up"/>
			<brush name="brick roof, horizontal"/>
			<brush name="brick roof, down"/>
			<brush name="wooden roof, up"/>
			<brush name="wooden roof, horizontal"/>
			<brush name="wooden roof, down"/>
			<brush name="wooden roof, left"/>
			<brush name="wooden roof, vertical"/>
			<brush name="wooden roof, right"/>
			<brush name="marquee rw ver 1"/>
			<brush name="marquee yb ver 1"/>
			<brush name="marquee g ver 1"/>
			<brush name="marquee b ver 1"/>
			<item id="5313"/>
			<brush name="marquee rw ver 2"/>
			<brush name="marquee yb ver 2"/>
			<brush name="marquee g ver 2"/>
			<brush name="marquee b ver 2"/>
			<item id="6994"/>
			<brush name="marquee rw hor 1"/>
			<brush name="marquee yb hor 1"/>
			<brush name="marquee g hor 1"/>
			<brush name="marquee b hor 1"/>
			<item id="6889"/>
			<brush name="marquee rw hor 2"/>
			<brush name="marquee yb hor 2"/>
			<brush name="marquee g hor 2"/>
			<brush name="marquee b hor 2"/>
			<item id="6173"/>

		</terrain>
	</tileset>

	<tileset name="Sea">
		<collections_and_terrain>
			<!-- land -->
			<brush name="sea"/>
			<brush name="walkable sea"/>
			<brush name="drawbridge"/>
			<brush name="drawbridge plank (1x3)"/>
			<brush name="drawbridge plank (2x3)"/>

			<!-- underwater -->
			<brush name="ventilation grille (normal)"/>
			<brush name="ventilation grille (underwater pickhole)"/>
			<item id="5460"/>
			<brush name="wooden floor (underwater)"/>
			<brush name="dark wooden floor (underwater)"/>
			<brush name="ocean floor"/>
			<brush name="bubbles"/>
			<brush name="reef stones"/>
			<brush name="coral reef"/>
			<item id="5421"/>
			<brush name="sea organisms"/>
			<brush name="sea shells"/>
			<item id="5554"/>

			<!-- ship walls -->
			<brush name="ship cabin wall"/>
			<brush name="damaged ship cabin wall"/>
			<brush name="ship railing"/>
			<brush name="damaged ship railling"/>
			<brush name="damaged ship hull (rotatable)"/>

			<!-- damaged ship parts -->
			<brush name="rudder of the boat"/>
			<brush name="steering wheel"/>
			<brush name="broken steering wheel"/>
			<brush name="damaged mast"/>
			<brush name="damaged mast2"/>
			<brush name="ship ruins"/>
			<brush name="ship anchor"/>
			<item id="5444"/>

			<!-- complete ships -->
			<brush name="fishing boat"/>
			<brush name="big transport ship"/>
			<brush name="big ship (alt)"/>
		</collections_and_terrain>
	</tileset>

	<tileset name="Snow">
		<collections_and_terrain>
			<brush name="sea"/>
			<brush name="walkable sea"/>
			<brush name="earth (soft)"/>
			<brush name="earth (hard)"/>
			<brush name="cave (snow)"/>
			<brush name="snow"/>
			<brush name="ice"/>
			<brush name="ramp"/>
			<brush name="mountain"/>
			<brush name="mountain ground"/>
			<brush name="mountain top ground"/>
			<brush name="rocky ground"/>
			<brush name="dirt"/>
			<brush name="ice closed stone pile"/>
			<brush name="hole in the ice"/>
			<brush name="ice debris"/>
			<item id="486"/>
		</collections_and_terrain>
	</tileset>

	<tileset name="Stairs">
		<terrain>
			<!-- sewer grate -->
			<item id="430"/>

			<!-- universal -->
			<brush name="trapdoor ladder down"/>
			<brush name="wooden ladder hole"/>
			<brush name="trapdoor down"/>
			<brush name="stairs down"/>

			<!-- ladder -->
			<item id="1386"/>

			<!-- wooden floor -->
			<brush name="wooden ladder trapdoor"/>
			<brush name="wooden ladder hole 2"/>
			<brush name="wooden trapdoor"/>
			<brush name="stairs down 2"/>

			<!-- ladder -->
			<item id="3678"/>

			<!-- bamboo trapdoors -->
			<item id="3135"/>
			<item id="3136"/>
			<item id="3137"/>
			<item id="3138"/>

			<!-- stairs -->
			<brush name="white stone stairs up"/>

			<!-- tile trapdoors -->
			<brush name="white stone trapdoor"/>
			<brush name="white stone stairs"/>
			<brush name="gray stone trapdoor"/>
			<brush name="gray stone stairs"/>

			<!-- teleport -->
			<item id="1387"/>

			<!-- stairs cont -->
			<brush name="black stone trapdoor"/>
			<brush name="black stone stairs"/>

			<!-- stairs -->
			<brush name="banuta stairs"/>
			<brush name="stone stairway (ground)"/>

			<!-- teleport -->
			<item id="1397"/>

			<!-- mountain ramp down -->
			<item id="476"/>
			<item id="479"/>
			<item id="475"/>
			<item id="480"/>

			<!-- sandstone -->
			<brush name="pyramid ramp"/>
			<brush name="pyramid corner"/>
			<brush name="sandstone ropespot"/>
			<brush name="open sandstone trapdoor"/>
			<brush name="sandstone trapdoor"/>

			<!-- bamboo -->
			<brush name="bamboo ramp"/>

			<!-- 7.8+ -->
			<brush name="wooden stairs"/>
		</terrain>
	</tileset>

	<tileset name="Town">
		<terrain>
			<item id="965"/>
			<item id="966"/>
			<brush name="white marble floor"/>
			<brush name="black marble floor"/>
			<item id="457"/>
			<brush name="stone floor"/>
			<brush name="gray stone tiles"/>
			<brush name="dark tiled sandstone"/>
			<brush name="tiled sandstone floor"/>
			<brush name="elven wooden floor"/>
			<brush name="light tiled stone floor"/>
			<brush name="dark tiled stone floor"/>
			<brush name="drab tiled stone floor"/>
			<brush name="wooden floor"/>
			<brush name="carlin wooden floor"/>
			<brush name="orange tiled floor"/>
			<brush name="magic tile"/>
			<item id="280"/>
			<brush name="dirt"/>
			<item id="4832"/>
			<item id="806"/>
			<item id="4833"/>
			<item id="804"/>
			<brush name="white gravel"/>
			<brush name="lawn"/>
			<brush name="cobblestone"/>
			<brush name="sandstone"/>
			<brush name="dark sandstone"/>
			<brush name="grassy cobblestone"/>
			<brush name="drawbridge"/>
			<brush name="dark wooden floor"/>
			<brush name="banuta tiled floor"/>
			<brush name="banuta floor"/>
			<brush name="banuta pavement square"/>
			<brush name="banuta pavement round"/>
			<brush name="banuta decorated tiles"/>
			<brush name="banuta lizard carvings"/>
			<brush name="snake ornament samples"/>
			<brush name="large lizard carvings"/>
			<item id="416"/>
			<item id="426"/>
			<item id="446"/>
			<item id="3216"/>
		</terrain>
	</tileset>
</materials>
